threshold,precision,recall,f1,f2,predicted_suspicious,model
0.5,0.08031990859754357,0.949358541525996,0.14810913304540188,0.3000554867898758,17505,XGBoost
0.6,0.10475471698113208,0.937204591492235,0.18844613400312266,0.36194847188901635,13250,XGBoost
0.7,0.14296103896103896,0.9291019581363943,0.24779398523320728,0.442472184706412,9625,XGBoost
0.8,0.21734252284019875,0.9155975692099932,0.35129533678756475,0.5574282660527831,6239,XGBoost
0.9,0.39223880597014926,0.887238352464551,0.5439867522252122,0.7084321759758464,3350,XGBoost
